playerId,char_name,name,last_online
10,Biyu,,2023-09-17 05:25:20
15,Fem catboi,,2023-09-17 23:50:09
18,Puddlefarts,,2023-09-18 04:28:45
21,Aniluk,,2023-09-18 08:24:36
25,Mitsuyo,,2023-09-19 00:52:36
26,Balduryn,,2023-09-19 05:14:46
35,swagxta,Roaches,2023-09-19 19:09:20
37,Dingle Puff,,2023-09-19 21:11:37
34,Manny,Roaches,2023-09-19 21:19:03
17,Creed,,2023-09-19 22:49:36
40,Takeshi Kovacs,,2023-09-20 00:23:51
43,Fredo,,2023-09-20 07:37:50
38,テレタビー,,2023-09-20 11:21:33
47,chazz,,2023-09-20 16:19:02
50,RiskyTripod3035,,2023-09-20 22:02:16
51,Nuzi,Stopfollowing,2023-09-21 02:41:24
54,Thoraven,,2023-09-21 04:37:59
63,Patrikson777,FirstTimeBeGentl,2023-09-21 18:10:19
70,icantaimbro,,2023-09-21 19:13:48
79,エスデス ❤,,2023-09-21 22:18:50
76,jim jones,,2023-09-21 22:20:07
80,continuedcargo,,2023-09-21 22:33:32
82,Boofa,,2023-09-21 23:16:18
62,Balloonicron,,2023-09-22 00:27:12
84,Ratnika,Whiskey Bacon,2023-09-22 03:15:35
42,BeardedRage,Whiskey Bacon,2023-09-22 03:16:29
77,~LilRitz88~,,2023-09-22 03:49:36
90,Crosim,,2023-09-22 05:10:03
97,NiggaSucks,,2023-09-22 06:27:02
99,Xeres,,2023-09-22 08:04:15
32,Blue,The Lost,2023-09-22 12:33:20
85,sevinkofsilver,,2023-09-22 13:21:07
109,Nomad,,2023-09-22 19:52:38
108,InnocenTs,,2023-09-22 19:53:46
110,JOEL_SANTANA,,2023-09-22 20:30:18
103,GamerChick,,2023-09-22 21:16:31
111,Phera,,2023-09-22 21:20:16
112,zero,,2023-09-22 21:25:20
114,just-pocevicius,,2023-09-22 22:10:04
116,Bambi,,2023-09-22 22:44:38
115,Kalcius,,2023-09-22 23:54:09
119,Quarters,,2023-09-23 00:49:06
120,BingoBongo,,2023-09-23 01:18:54
57,Kublai,,2023-09-23 03:20:40
122,Blackchapel,,2023-09-23 03:36:15
123,Ghroth,,2023-09-23 04:34:39
69,Dagmær,Stormsdottir,2023-09-23 05:11:50
128,The Tickler,,2023-09-23 05:31:00
131,Boomhauer,,2023-09-23 06:49:18
89,GiantSumo43,,2023-09-23 07:57:16
132,Purrin,,2023-09-23 08:08:33
141,Pain,,2023-09-23 17:43:41
74,lici,Lil Stinkers,2023-09-23 19:36:14
129,Mirage,,2023-09-23 19:39:20
146,Scarlet Rot,,2023-09-23 20:45:28
148,chrysalism,,2023-09-23 22:30:44
154,Rezxe,,2023-09-23 22:31:40
93,LowKeyLoki,BIG DONGS,2023-09-23 22:40:22
156,PEPE,,2023-09-23 22:47:19
157,ALONE,,2023-09-23 22:47:44
151,Glitchy,,2023-09-23 22:54:19
149,Tanner,,2023-09-23 23:05:58
158,Matt,,2023-09-23 23:48:40
164,Zomic,,2023-09-23 23:55:36
166,Phillip DeMarco,,2023-09-24 00:40:32
167,Val,,2023-09-24 00:50:41
170,IceCubedFeces,,2023-09-24 01:02:03
150,PandaGypsys,,2023-09-24 01:27:44
92,Sloughy,BIG DONGS,2023-09-24 01:30:35
168,Wild Bill Hugecock,,2023-09-24 02:00:38
95,GodModeDiablo,BIG DONGS,2023-09-24 02:19:55
162,ColorfulToast56,Le Eeepy,2023-09-24 02:21:05
163,People-s Champ,Le Eeepy,2023-09-24 02:27:56
160,Avanna,Le Eeepy,2023-09-24 02:28:09
176,HOCINE,Little Pony,2023-09-24 04:39:08
179,Asmodeus,,2023-09-24 04:51:44
125,KoDxDeathknight,BIG DONGS,2023-09-24 05:29:13
126,Ming Ling,Jundo Shogunate,2023-09-24 06:37:12
175,Zvox,Little Pony,2023-09-24 06:37:13
173,melody,,2023-09-24 06:37:56
118,JessieDeW,DeW2,2023-09-24 18:10:14
182,DesertScarab,,2023-09-24 18:10:59
181,Slim Reaper,The Nomads,2023-09-24 18:20:57
184,deadkr1spy,,2023-09-24 19:26:50
61,Judas,Jesus & Friends,2023-09-24 19:39:39
186,SamSon94,,2023-09-24 19:43:32
135,BonanTheBarbarian,Hellsing Inc.,2023-09-24 20:04:10
188,Soliath,,2023-09-24 20:18:13
192,Jenna Lexington,,2023-09-24 20:37:43
152,Indirect,,2023-09-24 20:42:44
190,AloisRG,Hentai,2023-09-24 20:50:46
191,GC saitama,Hentai,2023-09-24 20:50:54
194,Robot,,2023-09-24 21:11:44
195,CubanoGamezz,,2023-09-24 21:46:28
197,Gen- Kickass,,2023-09-24 22:39:08
198,Nellom,,2023-09-24 23:55:59
183,Xiritx,,2023-09-25 00:28:48
205,Tuenty,Chitauri,2023-09-25 00:34:25
207,TAMESIS,Chitauri,2023-09-25 00:35:08
206,rehabilitated toxic,,2023-09-25 00:37:12
133,Mara,,2023-09-25 01:12:20
101,Moonreaver,,2023-09-25 01:28:18
174,RUMPLEFORESKIN,Hellsing Inc.,2023-09-25 01:51:38
203,The Lagasaurus,Skullomania,2023-09-25 01:57:17
200,Gurim,Skullomania,2023-09-25 01:58:00
211,PredictedMoney,Skullomania,2023-09-25 01:58:31
136,Corvo Hellsing,Hellsing Inc.,2023-09-25 02:15:56
210,Hungdaddy,,2023-09-25 02:56:31
216,BacOnRAgeR,,2023-09-25 04:05:00
189,sadneffwastaken,,2023-09-25 04:15:32
16,Ragnarok,,2023-09-25 04:48:19
155,BuzzBunny,,2023-09-25 05:34:28
217,Livingthread607,,2023-09-25 05:35:43
71,Speecus,,2023-09-25 08:48:06
98,Geoff Ep,Axis,2023-09-25 11:12:34
225,-=AlfaDave=-,,2023-09-25 17:52:17
218,Mallik,,2023-09-25 18:51:44
228,Ratatat Randy TTV,,2023-09-25 19:48:53
232,Zika,,2023-09-25 20:37:12
145,Beskar Bandit,Old School,2023-09-25 22:03:36
237,Unsainted,,2023-09-25 23:11:59
56,GANNICUZ,AZTECKS,2023-09-25 23:44:56
193,SwallowMySandBB,The Cure,2023-09-26 00:55:04
222,grampavampire,,2023-09-26 01:05:30
242,riczard,,2023-09-26 05:58:25
243,MasterGhost5316,,2023-09-26 10:17:05
96,Sentima,Axis,2023-09-26 10:56:16
91,MOROCHA,AZTECKS,2023-09-26 17:49:22
247,SIRIUSgamer3658,,2023-09-26 18:27:56
226,Mini,,2023-09-26 20:42:46
227,TITTY,,2023-09-26 21:00:09
130,Lilli,Jundo Shogunate,2023-09-26 21:43:32
39,Red,GenX,2023-09-26 23:55:12
230,KeisukePaws,PawPetrol,2023-09-27 00:17:09
255,POCAHONTAS,Las Locas,2023-09-27 00:26:48
256,Piruli,Las Locas,2023-09-27 00:26:52
253,WoDan,,2023-09-27 00:53:19
265,SinicalSteve,,2023-09-27 00:59:52
264,Abztractz,,2023-09-27 01:12:54
139,Cheesy Gordita Crun,Bois,2023-09-27 01:23:32
142,WolfRend,Bois,2023-09-27 01:25:05
268,RedbeardEklab,,2023-09-27 01:36:55
269,vampmagick,,2023-09-27 01:37:23
266,antho7779321,los wachituros,2023-09-27 02:07:06
271,burntcheeesee,,2023-09-27 02:40:33
261,Tittles,Nords of Odin,2023-09-27 03:05:44
144,CBGB,Monke Ashallah,2023-09-27 03:25:36
274,shadedlight,,2023-09-27 04:10:26
137,MORTY,Monke Ashallah,2023-09-27 04:40:37
275,Gruntilda,RIOT,2023-09-27 04:56:34
278,A Turd Tortilla,,2023-09-27 07:34:21
19,Kara,,2023-09-27 08:12:01
11,Thrombo,1042 Legends,2023-09-27 11:15:45
46,Westiie,1042 Legends,2023-09-27 11:16:03
257,||RIOT|| Pants 404,RIOT,2023-09-27 15:59:42
229,lowdisan,PawPetrol,2023-09-27 16:02:13
280,ghost,,2023-09-27 19:17:06
273,Bubba,,2023-09-27 19:42:59
221,Kanutt,,2023-09-27 21:11:19
258,MadEight,RIOT,2023-09-27 21:20:38
285,Copium,,2023-09-27 21:38:57
284,ChinnChopper,Gruesome Twosome,2023-09-27 22:08:51
288,Lupiin,Gruesome Twosome,2023-09-27 22:09:01
293,DarkSouls,Hecatombe,2023-09-27 23:16:17
294,Evy,Hecatombe,2023-09-27 23:16:45
295,WormsicleTV,,2023-09-28 01:59:41
299,BADFINGER,,2023-09-28 02:40:15
302,Steven,Las perras,2023-09-28 04:02:16
304,Lord Lucifuge,,2023-09-28 04:40:43
298,FFtom23LMFD,,2023-09-28 04:53:46
306,Valar Morghulis,,2023-09-28 04:55:30
241,Lettucelove,,2023-09-28 16:05:40
159,Runa,Le Eeepy,2023-09-28 16:14:52
307,No One Flame,,2023-09-28 17:11:48
281,mamahuhu,,2023-09-28 18:03:37
310,Dijango,,2023-09-28 18:52:10
311,NATURALICE,,2023-09-28 18:57:11
60,Gremmy,The Nomads,2023-09-28 21:13:45
66,Bean,Jundo Shogunate,2023-09-28 21:33:28
283,Ken,Royal Dynasty,2023-09-28 22:59:37
75,Morgan,Lil Stinkers,2023-09-28 23:09:17
277,Quill,,2023-09-29 00:00:21
316,Suplicio_Durcan1,,2023-09-29 00:33:51
201,Ghruishka,TAURUS,2023-09-29 01:09:20
291,Erika,Dat Boii,2023-09-29 01:51:00
322,Nestler,,2023-09-29 02:33:24
178,Sneg,,2023-09-29 04:32:56
330,Supreme king,,2023-09-29 05:50:33
138,Apex Simp,Monke Ashallah,2023-09-29 06:39:59
331,RATON PEREZ,,2023-09-29 06:45:09
334,Woody,,2023-09-29 13:47:19
65,Mitnok,1042 Legends,2023-09-29 16:58:13
338,Popmandoop,,2023-09-29 18:49:27
48,Лилит,,2023-09-29 18:53:57
235,Tiesa,,2023-09-29 19:39:18
339,archangel0518,,2023-09-29 19:46:29
344,MattyBoy702,,2023-09-29 22:51:17
107,JohnDeW,DeW,2023-09-29 23:15:03
254,Bernadette,,2023-09-29 23:45:19
248,Euni,,2023-09-29 23:56:06
292,Randy2100k,Dat Boii,2023-09-30 00:21:17
276,Cleosnatchra,,2023-09-30 02:41:09
321,Bergse,,2023-09-30 03:34:14
351,Jennavieve,,2023-09-30 04:50:42
356,Hayree,,2023-09-30 05:47:26
357,Afara,,2023-09-30 06:15:05
358,NEW Karlee Grey,,2023-09-30 07:06:43
359,Björn Ironside,,2023-09-30 07:26:31
362,Sinner,,2023-09-30 18:31:37
282,Maron,Fear,2023-09-30 19:47:16
364,TheHypedLion,,2023-09-30 21:42:42
368,Renard,,2023-09-30 22:31:10
369,Praxie,Shem,2023-09-30 22:51:52
231,Turok,Shem,2023-09-30 22:53:15
355,Repix,TheHigh5,2023-09-30 23:13:23
354,Thea,TheHigh5,2023-09-30 23:13:23
342,Tody,,2023-09-30 23:41:02
172,Bruce,TRIBAL,2023-10-01 01:05:30
371,Morlock,,2023-10-01 01:18:04
373,Kale,,2023-10-01 02:39:45
377,Kangrel,,2023-10-01 03:38:41
350,SoggyBones,,2023-10-01 04:07:29
378,GROG03,,2023-10-01 05:29:53
379,Duw Rhyfel,,2023-10-01 06:50:55
308,Zarina,,2023-10-01 16:01:10
363,Izzag,TAURUS,2023-10-01 17:11:05
384,Carillo,,2023-10-01 18:30:51
383,SockThief,rats,2023-10-01 20:03:44
385,betty,,2023-10-01 20:15:18
386,Forest Gump,,2023-10-01 21:04:01
212,CireSnave,,2023-10-01 23:39:29
370,Stryker,Axon,2023-10-02 00:09:51
390,DigitalWRKS,,2023-10-02 00:39:39
389,Kalti,,2023-10-02 00:43:45
391,Architect,,2023-10-02 01:08:28
215,duokyto,,2023-10-02 02:13:02
382,Astraeus,,2023-10-02 04:50:28
372,GRIM,Neon Vision,2023-10-02 07:30:20
395,Ainheldt,,2023-10-02 07:43:24
394,NpcAsuna,,2023-10-02 10:26:58
399,StewBrew,,2023-10-02 14:35:21
402,zerok00l117,,2023-10-02 17:43:18
403,Audacity,,2023-10-02 19:22:49
352,Lega,,2023-10-02 20:19:28
249,SENSEICOCO,los wachituros,2023-10-02 20:38:06
404,tyrone,,2023-10-02 21:06:36
405,adamazbane,,2023-10-02 21:11:15
58,Sexual Healing,,2023-10-02 22:23:36
400,Layla,Swords of Abydos,2023-10-02 22:56:07
380,Alexander,GSP,2023-10-03 00:16:51
408,MajorVII,,2023-10-03 02:18:58
410,Quagymire,,2023-10-03 03:32:48
105,Lin,North Remembers,2023-10-03 04:23:13
393,Elder,Birbs&Spices,2023-10-03 06:20:13
396,MassiveTits,Birbs&Spices,2023-10-03 06:20:19
415,LeoVenandi3336,,2023-10-03 09:49:09
224,Goll,,2023-10-03 19:35:28
52,Akoon,Stopfollowing,2023-10-03 20:17:10
407,Noiz,,2023-10-03 21:14:28
208,Bronze age pervert,bronze boys,2023-10-03 21:18:06
83,Adobe Kenobi,,2023-10-03 21:25:46
418,FleschBoi,,2023-10-03 21:48:25
420,TheBadEnemy,,2023-10-03 23:18:46
236,fusionreapers0805,,2023-10-04 01:44:05
250,Shi Fu,los wachituros,2023-10-04 02:07:19
367,Neon Dizzy,Neon Vision,2023-10-04 02:36:13
427,Akkadia,,2023-10-04 02:37:34
251,NicolasBerton,los wachituros,2023-10-04 03:43:35
426,Mr meow,,2023-10-04 04:28:41
431,Morningdumps,MN VIBEZ,2023-10-04 04:56:24
433,Sorrisky,,2023-10-04 05:58:04
434,尼古拉斯·刘能,,2023-10-04 07:01:06
436,LB15329430034,,2023-10-04 09:47:43
432,MrMeowness,,2023-10-04 12:03:57
366,andrew the fish,,2023-10-04 13:48:52
438,Tahran Tadoh,,2023-10-04 14:24:07
81,Kalani,,2023-10-04 21:32:38
442,Olrone,,2023-10-04 22:57:56
447,Tf,,2023-10-05 00:24:24
451,Pensive Cow,,2023-10-05 01:31:42
450,Balthapanda,,2023-10-05 01:43:37
445,NickPolo,Poosebags,2023-10-05 01:47:11
439,wihangmid,,2023-10-05 02:11:32
425,NOSOYNEGRO,,2023-10-05 02:17:30
374,rhoade65,McSpankeys,2023-10-05 03:12:11
375,Themadhatter,McSpankeys,2023-10-05 03:13:20
329,Bamboozlous,Brazz,2023-10-05 03:54:48
459,suburbanpoison,,2023-10-05 07:00:33
461,HELLZEUS,,2023-10-05 08:01:27
437,rewW,,2023-10-05 08:38:06
462,Sk1nL3zS,,2023-10-05 09:30:06
45,Kesha,,2023-10-05 16:30:06
463,Knicknack,,2023-10-05 18:36:38
88,AshenOne,SunBro,2023-10-05 20:35:17
470,Haci,,2023-10-05 21:15:55
472,Rethbourne,,2023-10-05 21:39:10
469,Thievious,,2023-10-05 21:57:22
449,poose,Poosebags,2023-10-05 21:57:45
473,KingWizard,,2023-10-06 01:42:37
476,Ethan,,2023-10-06 02:25:08
429,DoneBeforeNoon,,2023-10-06 02:39:09
478,Gusty,,2023-10-06 04:33:09
479,Scuffed,,2023-10-06 04:48:09
430,Milovich,MN VIBEZ,2023-10-06 06:33:44
482,JackThePanda,,2023-10-06 07:07:12
483,karbinoo,,2023-10-06 08:34:09
484,AppleBites,,2023-10-06 08:52:47
252,Cobb,,2023-10-06 08:54:39
480,Korhan Ral,,2023-10-06 09:35:14
314,Mailsy :),,2023-10-06 14:29:15
485,Guophi,Juice Fruit,2023-10-06 15:43:08
486,Lord Flubber III,,2023-10-06 15:59:18
488,knsoccer95,The Dieties,2023-10-06 17:47:05
489,Lieberstein,The Dieties,2023-10-06 18:02:10
487,Meya Lesah,The Dieties,2023-10-06 18:02:13
457,Larry,Poosebags,2023-10-06 18:15:09
468,GNAWtheRAWDAWG,Poosebags,2023-10-06 18:22:02
444,Tyreed,Poosebags,2023-10-06 19:22:48
422,Xyxx,Floppy Wieners,2023-10-06 23:15:17
440,ColdCaseBoom,,2023-10-07 00:41:30
496,Shad3Bl@ck,,2023-10-07 01:30:30
492,Colonel Angus,,2023-10-07 03:07:29
455,b-ron,GONADTHEBALLCHIN,2023-10-07 03:48:20
169,SharkBait,TRIBAL,2023-10-07 04:07:01
279,CabbageSama,,2023-10-07 05:45:26
435,iFAIL,Psychonauts,2023-10-07 07:01:03
397,Jmark,Psychonauts,2023-10-07 10:05:39
503,Izel,,2023-10-07 17:17:35
504,Robbie 3578,,2023-10-07 17:39:33
234,Sleepy Panda,Bunnies,2023-10-07 19:53:57
238,Laura,Bunnies,2023-10-07 19:54:05
409,CDEZZ,big pepe,2023-10-07 20:19:49
508,JargnFlargn,,2023-10-07 23:52:11
412,Dolofonos,,2023-10-08 03:08:15
147,Hoppy,TAURUS,2023-10-08 03:49:47
511,Sultan3638,,2023-10-08 04:30:03
214,Vapetti,,2023-10-08 04:37:38
185,Eannail,,2023-10-08 05:45:26
500,thegunna1776,,2023-10-08 06:00:18
320,Gamerbelle,Heathens,2023-10-08 06:26:18
297,Sciyon,Heathens,2023-10-08 06:43:47
353,cyros1985,Fools,2023-10-08 08:53:22
441,Huashui,Juice Fruit,2023-10-08 17:55:40
512,Mrtoast98888,,2023-10-08 19:41:11
381,Carbonx94,Psychonauts,2023-10-08 19:53:45
515,FR13NDS,,2023-10-08 20:48:17
510,East Wind In,,2023-10-08 20:54:11
509,ShadowV3X,,2023-10-08 22:05:09
521,DarknessVL,Darkness,2023-10-09 01:45:14
520,Mopho,,2023-10-09 02:32:03
465,Trancefury,Crom's Gobblers,2023-10-09 02:43:33
452,CrossRage,GONADTHEBALLCHIN,2023-10-09 02:48:00
443,SEAMANCODY,GONADTHEBALLCHIN,2023-10-09 02:51:40
464,monkdom,Crom's Gobblers,2023-10-09 02:53:45
466,Why No Rhino,Crom's Gobblers,2023-10-09 02:55:44
523,chimmywow,,2023-10-09 03:31:30
524,BINGI,,2023-10-09 03:52:25
525,The Tower,,2023-10-09 03:53:47
337,CookieCloudz,,2023-10-09 04:05:31
104,Tim the Enchanter,North Remembers,2023-10-09 06:37:37
529,Giada,,2023-10-09 15:43:58
474,Truth Eternal,,2023-10-09 15:58:01
530,Anarax,,2023-10-09 16:05:44
531,Bluemouse,,2023-10-09 16:37:20
532,Kali zodark,,2023-10-09 18:00:22
117,MooseKnuckle,The Cure,2023-10-09 18:39:18
533,Palenor,,2023-10-09 19:10:01
535,_zero,,2023-10-09 20:48:43
499,Spartan7H,Sea walkers,2023-10-09 22:54:59
424,Dongo,Floppy Wieners,2023-10-10 00:44:59
506,GuNNuH,,2023-10-10 00:59:14
498,Lizza Beth,,2023-10-10 01:29:58
519,Drplote,,2023-10-10 02:20:51
538,-AllergicJelly-,,2023-10-10 04:33:46
539,White Shadow,,2023-10-10 04:57:43
323,Froofroo Aguados,YAZZ QUEENZZ,2023-10-10 05:09:15
454,Bluecraney,GONADTHEBALLCHIN,2023-10-10 05:43:01
542,TheFoxofLife,,2023-10-10 18:54:51
543,WolfShifterQueen,,2023-10-10 20:04:41
518,Avalon,,2023-10-10 22:01:33
398,COMMANDERRIG,Fools,2023-10-10 22:44:10
475,=),DollHouse,2023-10-10 23:56:03
513,Exotic,Cimmerian Horde,2023-10-11 00:43:05
548,kuma,Cimmerian Horde,2023-10-11 00:43:43
202,SnagglePekker,The Cure,2023-10-11 00:50:41
547,MOONHOAX,,2023-10-11 01:26:45
553,Minties,Jasmine,2023-10-11 01:59:45
552,PinkyPromise,Jasmine,2023-10-11 02:00:09
327,BRY,Brazz,2023-10-11 03:06:18
549,Tatsei,Dick Gobblers,2023-10-11 03:24:20
550,TyKnight19,Dick Gobblers,2023-10-11 03:24:44
551,NixWix,Dick Gobblers,2023-10-11 03:24:57
411,cwilson9524,,2023-10-11 07:07:01
301,vaner,Las perras,2023-10-11 07:57:18
554,Kyosen,,2023-10-11 15:31:06
556,Nanda,,2023-10-11 16:34:30
557,DevilTheGod,,2023-10-11 18:44:17
558,GeneralReddTV,,2023-10-11 19:51:47
559,Kafshon,,2023-10-11 20:06:05
544,Holiday,insurrection,2023-10-11 22:30:59
340,Rammbone,GSP,2023-10-12 01:20:02
223,Ahmanet,,2023-10-12 02:03:47
563,Hash-Slinging Slasher,DuchessOtheNorth,2023-10-12 03:27:22
566,SisterAnus,Fatties,2023-10-12 05:43:33
528,Gerrinteed,Sea Serpents,2023-10-12 05:53:08
259,cooster,,2023-10-12 12:06:45
555,Chibi,,2023-10-12 12:42:56
545,weikingdom01,insurrection,2023-10-12 13:02:06
567,Egg,,2023-10-12 16:56:35
209,Leeroy Jenkins,bronze boys,2023-10-12 19:23:34
571,Dank Poppin,,2023-10-12 19:25:29
573,MrMcGibblets,CKA,2023-10-12 19:33:51
574,Uldyssian,,2023-10-12 19:42:39
287,TSP,,2023-10-12 22:57:20
289,Jesskiddin,J Squared,2023-10-12 23:02:51
290,JED,J Squared,2023-10-12 23:06:11
578,ToeFlop,,2023-10-13 00:50:42
453,Dur_ham98,big pepe,2023-10-13 01:51:13
471,HundredEyes,FireDancers,2023-10-13 02:44:46
68,Grumbus,,2023-10-13 04:08:51
44,SARGENT_SQUIRTER,Aftermath,2023-10-13 09:26:17
577,MittRK,,2023-10-13 19:23:08
581,XAZ,,2023-10-13 19:45:28
233,Zugsturm,,2023-10-14 00:52:01
582,Trakadon,,2023-10-14 01:16:01
583,Sauron Burgundy,,2023-10-14 02:56:32
576,Oberon,PeePee,2023-10-14 04:24:10
575,astralskay,PeePee,2023-10-14 04:24:55
580,RoozillaOG,,2023-10-14 06:24:40
586,Silentise,,2023-10-14 07:14:42
546,Geslin,,2023-10-14 12:26:15
587,Kony2024,Gorilla Warfare,2023-10-14 17:23:38
588,LongDongFromHongKon,Gorilla Warfare,2023-10-14 17:23:47
491,Berserker,,2023-10-14 20:26:59
349,Karvach,CREEBS,2023-10-14 20:47:08
86,zZzZ,,2023-10-14 21:17:56
585,Sonia,,2023-10-14 21:45:07
187,AnGeL Of DeATh,,2023-10-14 22:37:02
589,Top G,Onlyfans VIP,2023-10-14 23:07:30
536,Sarric,,2023-10-14 23:15:13
336,Flargnarf,,2023-10-15 00:09:31
592,Godofsmiles11,RAT GANG,2023-10-15 02:05:11
593,I MisterDeath I,RAT GANG,2023-10-15 02:21:09
324,Gorlock,YAZZ QUEENZZ,2023-10-15 03:10:09
325,Flame,YAZZ QUEENZZ,2023-10-15 03:11:37
326,Bloodlore,YAZZ QUEENZZ,2023-10-15 03:14:36
286,LoosestSlots,Koth,2023-10-15 04:50:44
594,PoemoeGaming_,buccas,2023-10-15 07:00:31
595,RaggedyAnne,buccas,2023-10-15 07:19:29
597,CCT,,2023-10-15 08:19:39
262,jelf,Koth,2023-10-15 09:19:23
94,Zaros,Axis,2023-10-15 11:14:42
540,Ragnar,,2023-10-15 14:10:35
31,Andz Lo,Royal Dynasty,2023-10-15 15:51:30
590,SHR0UD3DSHAD0W7,,2023-10-15 18:12:50
596,TandemMushroom,,2023-10-15 23:53:56
599,sportydu,Moe's Tavern,2023-10-16 01:06:04
564,Gortash,,2023-10-16 01:49:59
220,ckill,Rat_Nation,2023-10-16 03:14:47
315,Kaylias,Flesh Fiends,2023-10-16 05:54:31
606,SHRIEKK,,2023-10-16 06:12:55
560,Froz3nsmoothy,Onlyfans VIP,2023-10-16 06:47:11
591,nugget,Mac Millionaries,2023-10-16 07:08:10
605,Truth,TruthButGore,2023-10-16 07:44:34
604,1VS9 THOTS,TruthButGore,2023-10-16 07:44:41
607,EliTm,,2023-10-16 12:06:49
569,Average OF Model,Onlyfans VIP,2023-10-16 14:52:59
570,Seraphina,Onlyfans VIP,2023-10-16 15:44:32
598,Owl,Onlyfans VIP,2023-10-16 15:48:50
204,Dragon,Rat_Nation,2023-10-16 22:44:22
608,Diddlymint,,2023-10-17 00:55:22
361,Klaus,Original,2023-10-17 02:01:54
332,jodybooty,,2023-10-17 02:47:10
562,Advil Liquid Gel,Fools,2023-10-17 04:25:52
584,Koedama,Mac Millionaries,2023-10-17 06:35:24
610,Daenerys,,2023-10-17 19:38:11
613,SirChino,,2023-10-18 03:50:59
612,mad hatter,Watchers,2023-10-18 04:12:36
611,GrassBandit,Watchers,2023-10-18 05:02:35
561,Zubu Lechon,Fatties,2023-10-18 06:10:50
345,che,Fools,2023-10-18 20:00:21
614,Humble Me,,2023-10-18 20:00:47
6,Twice Baked Potato,Aftermath,2023-10-19 04:01:42
121,ToneBone34,Baboskis,2023-10-19 04:30:57
617,Apollols,,2023-10-19 05:25:55
365,Pukei Pukei,Old School,2023-10-19 08:10:04
615,alextheking006,ragingpussies,2023-10-19 09:24:42
244,Mikil,Nilthguard,2023-10-20 02:59:44
527,ColdWolfx83x,Sea Serpents,2023-10-20 06:24:29
423,Steverus,Floppy Wieners,2023-10-20 07:00:46
609,Heisenburg,,2023-10-20 09:49:11
514,Aquaria,Cimmerian Horde,2023-10-20 12:28:52
507,GamingWithStellar,Northmen,2023-10-20 17:00:01
219,FatThor420,StrawHat Vikings,2023-10-20 18:18:52
5,wandalou12,Aftermath,2023-10-20 22:53:10
346,Streaker369,big pepe,2023-10-21 00:35:59
517,moeszyslak,Moe's Tavern,2023-10-21 00:52:59
347,BigBirdyBallz,big pepe,2023-10-21 01:43:23
376,shad3gr3y,Iron Born,2023-10-21 02:10:35
140,Jesus,Jesus & Friends,2023-10-21 03:39:00
392,DanDan,,2023-10-21 19:54:04
448,Athons,CKA,2023-10-21 20:08:41
309,Zeweiiner69,,2023-10-21 21:15:28
624,Nezzibarou,,2023-10-21 23:03:03
260,INPU,PEACEFULL,2023-10-22 01:38:23
446,Nabnut,Team Gurren,2023-10-22 03:38:38
341,PixelShepherd,Team Gurren,2023-10-22 04:11:59
100,Nadissa,Flesh Fiends,2023-10-22 04:26:34
494,USMC 56th Trnty,PoF,2023-10-22 11:07:39
490,Dagoth,PoF,2023-10-22 11:08:12
4,FADINGCLOAK,Aftermath,2023-10-22 14:33:52
333,COMMANDERBeas78,Fools,2023-10-22 19:12:29
616,MustardMoss8827,ragingpussies,2023-10-22 20:31:15
637,Oska,,2023-10-22 23:49:43
641,lynxfix00,,2023-10-23 00:35:40
644,Rivus,,2023-10-23 00:51:57
646,Mod,,2023-10-23 01:03:05
647,Stevie,,2023-10-23 01:13:12
645,JizzyJeff,,2023-10-23 01:21:16
650,Bakagirl,,2023-10-23 01:33:25
623,Side Boob,Rat Cult,2023-10-23 02:40:05
419,Duppy,Rat Cult,2023-10-23 03:01:20
653,Metroid1804341,,2023-10-23 03:19:14
658,Doritos,,2023-10-23 04:42:12
660,GORGE FOYD CONIN EXILE,,2023-10-23 05:21:51
661,Xaira,,2023-10-23 05:33:33
651,Ric Flair,Scholars of Sand,2023-10-23 06:04:33
657,Bonk,Scholars of Sand,2023-10-23 08:11:31
648,Luna,Scholars of Sand,2023-10-23 08:54:57
654,Arkenhime,,2023-10-23 13:56:22
603,Temistokles,Minoans,2023-10-23 20:06:52
102,OhNo Itz Jo,Baboskis,2023-10-23 21:48:54
662,The50thPanda,,2023-10-23 22:07:07
640,FoxyGrandpa6661,MC's,2023-10-23 22:33:00
652,Maxsous4308,MC's,2023-10-23 22:33:14
663,Teppei,,2023-10-23 22:47:53
572,Eli,,2023-10-23 23:05:01
665,Here Hangs,metal gear,2023-10-24 01:15:35
505,Gangster Vegeta,metal gear,2023-10-24 01:16:51
633,Jackk,,2023-10-24 02:00:07
666,GaeMan,,2023-10-24 04:04:39
649,Tater,Scholars of Sand,2023-10-24 04:09:52
634,JohanEspitia,ChicasBonitas,2023-10-24 05:29:12
7,Gunnhilda,Titty Monsters,2023-10-24 05:36:40
240,Ragnar Lothbrok,Nords of Odin,2023-10-24 11:48:31
626,SergioMendez810,,2023-10-24 13:15:45
416,Gwildor,Rat Cult,2023-10-24 14:34:34
669,Scarlet Rot,,2023-10-24 16:03:15
664,Velonia,,2023-10-24 16:44:09
113,yomill3,MichTechs,2023-10-24 22:43:26
467,Katia,Aztecs,2023-10-25 01:17:53
579,Kronk,Floppy Wieners,2023-10-25 01:25:03
675,mchristofersen,,2023-10-25 10:10:23
305,Daegan the Cursed,,2023-10-25 13:54:23
59,Hana,DuchessOtheNorth,2023-10-25 13:58:20
678,Shmoop,,2023-10-25 16:28:19
674,Nichilis911,Grey Knights,2023-10-25 17:18:54
667,Hungry,Swampfox Gang,2023-10-25 18:19:29
30,Fifth Element90,Royal Dynasty,2023-10-25 20:34:32
680,Artimiz,,2023-10-26 01:39:09
670,Ashe,The Madhatters,2023-10-26 01:54:53
348,xYungKappax,CREEBS,2023-10-26 01:59:43
642,Ronny Ronsteen,Free Gucci,2023-10-26 02:43:23
685,Orange Milk,,2023-10-26 03:31:30
328,AlMght,Brazz,2023-10-26 05:00:42
13,Karla Thw Wicked,,2023-10-26 05:05:35
671,Jabberjaw777,The Madhatters,2023-10-26 06:14:08
64,InYourFace2day,FirstTimeBeGentl,2023-10-26 06:37:05
668,wrathofwar222,Swampfox Gang,2023-10-26 11:00:20
29,Kyuubi,StrawHat Vikings,2023-10-26 13:24:18
87,Mika,Jundo Shogunate,2023-10-26 17:15:40
673,-ian-,,2023-10-26 21:54:44
682,Viper,,2023-10-26 23:37:42
621,Azuza,boomer,2023-10-27 00:21:21
643,OleStanky,Free Gucci,2023-10-27 01:47:06
676,稚鸢,,2023-10-27 01:50:08
565,Vernier,,2023-10-27 06:13:13
690,Dafreakto,,2023-10-27 08:50:41
693,Heebe♡,,2023-10-27 08:55:53
692,-Decay-,,2023-10-27 08:56:02
691,MrBananaRamma,,2023-10-27 08:56:23
14,Whitecloud,Aftermath,2023-10-27 09:04:45
687,Onyxia,boomer,2023-10-27 11:54:54
694,delorian,,2023-10-27 13:28:47
406,Banuknit,DollHouse,2023-10-27 19:24:13
632,ZUZU,,2023-10-27 19:53:41
12,Lizara,Nilthguard,2023-10-27 20:20:01
628,King Kurtous,Wolf Krew,2023-10-27 22:22:12
627,Burrden,Wolf Krew,2023-10-27 22:22:46
683,CANADIANHIGHGUY,,2023-10-28 04:01:33
622,ISKILLA,,2023-10-28 04:03:23
9,Kitten,Cool Cats Club,2023-10-28 04:07:27
20,Ramandar,Old School,2023-10-28 05:49:49
696,lordsarkessian,,2023-10-28 11:07:16
481,scla784,mat,2023-10-28 12:07:34
143,Korvex,,2023-10-28 15:43:51
695,Turkey,,2023-10-28 16:22:15
245,Kraftyy,Armed Stallions,2023-10-28 19:17:21
319,Gambit,,2023-10-28 20:35:26
493,Thundarr,,2023-10-28 20:54:36
698,DannyDubya,,2023-10-28 22:05:17
497,Endirrr,Fatties,2023-10-29 01:59:29
67,Arwen,,2023-10-29 02:15:35
700,Monks,,2023-10-29 02:30:47
335,Proteaus,Wolfen,2023-10-29 03:16:42
635,gorditogamer792,ChicasBonitas,2023-10-29 03:49:58
387,xOGQx,,2023-10-29 04:38:13
701,Vaelynn,,2023-10-29 05:08:56
33,4ng3l,,2023-10-29 05:54:34
165,Moonsweed,,2023-10-29 06:16:05
702,Low Level Saiyan,,2023-10-29 06:25:00
699,kreig,BigStrongMen,2023-10-29 07:26:12
516,Lokmir,Lokclan,2023-10-29 07:56:47
477,My brothers brother,,2023-10-29 08:15:27
638,who dat-,swingus,2023-10-29 08:16:56
639,AdabAdooYa,swingus,2023-10-29 08:17:38
526,samwise762,Sea Serpents,2023-10-29 08:59:17
697,Kemmlar,,2023-10-29 13:23:44
199,BigTech12,MichTechs,2023-10-29 14:16:05
704,Mace Windu BMF,,2023-10-29 14:44:24
134,enderclan40,Life of The Sea,2023-10-29 15:41:39
53,hectoid284,Life of The Sea,2023-10-29 16:05:44
705,Mei,Yuki Village,2023-10-29 16:08:46
171,Dory,TRIBAL,2023-10-29 18:56:52
706,Hal,,2023-10-29 20:07:00
707,BearDynasty,,2023-10-29 20:49:48
631,Kryp2Nite,Xpartacus did it,2023-10-29 21:54:16
630,undeadfish,Xpartacus did it,2023-10-29 21:56:15
625,TyGuR,BurfdayBois,2023-10-30 01:13:40
41,Sudora,Nemesis,2023-10-30 01:17:04
712,Johnny Sins,Blackies,2023-10-30 01:54:47
710,AJ-Alex,Blackies,2023-10-30 03:43:48
534,Mara Jade,Dogs of War,2023-10-30 03:48:36
655,Arguss,,2023-10-30 03:54:41
656,Hammy,BurfdayBois,2023-10-30 04:18:58
703,Lowhamed,,2023-10-30 04:28:59
106,Gladrial,Flesh Fiends,2023-10-30 04:56:33
659,Sharpe,Ace's High,2023-10-30 05:17:06
55,Makoshark,Old School,2023-10-30 05:54:43
456,CyanidePopsicle,DuchessOtheNorth,2023-10-30 06:22:01
713,I am Mojo JojoX,Da Beef,2023-10-30 07:24:52
714,Rhiaan,Da Beef,2023-10-30 07:24:53
716,Andrea,,2023-10-30 07:38:39
72,BackupSnax,,2023-10-30 08:25:25
8,PatroKleo,Sea walkers,2023-10-30 09:58:39
401,Sait,,2023-10-30 10:15:02
428,almightyamm,ALL CAPS,2023-10-30 13:47:56
318,Spoog,,2023-10-30 16:34:17
719,Louna,Immortal,2023-10-30 18:50:37
718,Medikal,Immortal,2023-10-30 18:52:12
312,Somethn,Old School,2023-10-30 19:30:48
78,Killamud,Nemesis,2023-10-30 19:44:35
1,Mijin,Titty Monsters,2023-10-30 20:03:23
636,Fabricantee,ChicasBonitas,2023-10-30 20:35:47
721,Alexis,,2023-10-30 20:49:47
180,Zaros,,2023-10-30 20:58:47
22,US Tax Slave,Gustapo,2023-10-30 21:04:12
49,Kitiara,Aftermath,2023-10-30 21:09:06
681,MrGritz,,2023-10-30 21:17:19
722,Brock Lenderman,,2023-10-30 21:22:44
28,corpusmane,Nemesis,2023-10-30 21:37:39
711,Smathers,Blackies,2023-10-30 21:40:07
725,jdktdenton,,2023-10-30 21:54:09
3,Deacon Ghost,Incoming Message,2023-10-30 22:13:33
708,Gemini,CLANX,2023-10-30 22:15:53
709,KonXOne,CLANX,2023-10-30 22:23:10
720,the badger,,2023-10-30 22:37:36
723,lordpickle18,kis,2023-10-30 22:39:44
24,casapetrey,,2023-10-30 22:39:50
715,Demon,CLANX,2023-10-30 22:39:50
677,Sesiki,Nemesis,2023-10-30 22:39:50
2,Wembley,Titty Monsters,2023-10-30 22:40:02
601,Monky,,2023-10-30 22:40:05
679,Fang Lei,Exiled,2023-10-30 22:40:07
629,Xpartacus,Xpartacus did it,2023-10-30 22:40:10
724,Alertglubber,kis,2023-10-30 22:40:16
686,Brosephine,Thrice Feather,2023-10-30 22:40:25
689,sk8terboi,Thrice Feather,2023-10-30 22:40:32
684,Broseph,Thrice Feather,2023-10-30 22:40:37
